labels,LDA_value,kNN_value
Precision,0.99855273287144,0.999138196368113
Sensitivity,0.627671105605451,0.938642146657414
Specificity,0.999396948817635,0.999459626370233
