labels,poly_value,rbf_value
Precision,0.999901727145419,0.999889032735343
Sensitivity,0.945389082462253,0.94189247261873
Specificity,0.999938415587015,0.999930718068728
