labels,LDA_value,kNN_value
Precision,0.915884013343598,0.86577981060362
Sensitivity,0.348881764153894,0.794672421948912
Specificity,0.984296103249049,0.940349571267017
