labels,LDA_value,kNN_value
Precision,0.999574356623666,0.98284969025106
Sensitivity,0.590925807637961,0.878526463044999
Specificity,0.999833200749314,0.989901704807249
