labels,LDA_value,kNN_value
Precision,0.99855273287144,0.999228871067242
Sensitivity,0.627671105605451,0.938061041292639
Specificity,0.999396948817635,0.999517997956311
