labels,LDA_value,kNN_value
Precision,0.980275747019283,0.960040077798079
Sensitivity,0.380052882877742,0.92553765731981
Specificity,0.996095267697568,0.980199176425922
