labels,kNN,kNN2,kNN4,LDA2,LDA4,SVM_G
Precision,0,0.05875949,0.034218941,0.04012896,0.022286016,0.688804784
Sensitivity,0,0.086228913,0.048323172,0.039306287,0.069577339,0.197248049
Specificity,0.935264837,0.053302747,0.082314582,0.225949134,0.137494916,0.877894845
Accuracy,0.39302549,0.066692644,0.068642482,0.141672293,0.122531935,0.484416341
