labels,kNN,kNN2,kNN4,LDA2,LDA4,SVM_G
Precision,0,0.0587594902666584,0.0342189414542303,0.0401289597733434,0.0222860162147427,0.688804784033335
Sensitivity,0,0.0862289128508516,0.0483231724862934,0.0393062872629652,0.069577338507446,0.197248049288988
Specificity,0.935264836518741,0.0533027468054504,0.082314582115156,0.225949133800221,0.13749491578763,0.877894844648138
Accuracy,0.393025489870795,0.0666926439327009,0.0686424820891895,0.141672292930969,0.122531934676178,0.484416340986339
