labels,kNN_value
Precision,0.998829039812646
Sensitivity,0.880445278076825
Specificity,0.999450029568303
