labels,LDA_value,kNN_value
Precision,0.98159488966829,0.985556968402869
Sensitivity,0.664916474890334,0.917617888176559
Specificity,0.993423172121164,0.992903704926149
