labels,LDA_value,kNN_value
Precision,0.999876509946563,0.98706606404462
Sensitivity,0.661239550388288,0.919284418870206
Specificity,0.99995671114924,0.993665893544627
