labels,LDA_value,kNN_value
Precision,0.999876509946563,0.988314958320092
Sensitivity,0.661239550388288,0.903158788312036
Specificity,0.99995671114924,0.994365599509642
