labels,values
Precision,0.937067388199651
Sensitivity,0.964490927833599
Specificity,0.968298277752367
Accuracy,0.99150929201662
