labels,LDA_value,kNN_value
Precision,0.996318745834788,0.985381395639408
Sensitivity,0.596398244714196,0.910155799192152
Specificity,0.998872472783826,0.9932193567082
