labels,LDA_value,kNN_value
Precision,0.999166694443519,0.936512100741129
Sensitivity,0.568480940641001,0.850294765676175
Specificity,0.999756788045646,0.97237994692841
