labels,poly_value,rbf_value
Precision,0.998475782578573,0.998414037030977
Sensitivity,0.902111193307916,0.902842118442469
Specificity,0.999293793554261,0.999264645804396
