labels,LDA_value,kNN_value
Precision,0.999166694443519,0.977802992695553
Sensitivity,0.568480940641001,0.790596330275229
Specificity,0.999756788045646,0.990901162790698
