cost,poly_accuracy,rbf_accuracy
0.1,0.95838204,0.949819254
0.464158883,0.961252377,0.957965378
2.15443469,0.963912455,0.962020116
10,0.965156653,0.964473791
46.41588834,0.965644688,0.965555954
215.443469,0.965800936,0.966055563
1000,0.965982261,0.96625232
