labels,kNN,kNN2,kNN4,LDA2,LDA4,SVM_G
Precision,0,0.234795005931933,0.159363916648623,0.119217155046944,0.0549642730439462,0.930402939351447
Sensitivity,0,0.509164001713073,0.355185128544969,0.15921725594841,0.168235366995711,0.930769023977164
Specificity,0.874116403191795,0.456184331306244,0.449652108809583,0.507926589038697,0.222951053961828,0.880710070073256
Accuracy,0.345117495688674,0.469261306862242,0.428203594893538,0.405077912508054,0.21136492528964,0.912319782716888
